{
  "Turf1": {
    "maxLon": 40.7564287,
    "minLon": 40.753782,
    "maxLat": -82.5216912,
    "minLat": -82.5243456
  },
  "Turf2": {
    "maxLon": 40.7585085,
    "minLon": 40.756325,
    "maxLat": -82.5193659,
    "minLat": -82.5243456
  },
  "Turf3": {
    "maxLon": 40.7562139,
    "minLon": 40.7537207,
    "maxLat": -82.5176747,
    "minLat": -82.5225368
  },
  "Turf4": {
    "maxLon": 40.758255,
    "minLon": 40.7540596,
    "maxLat": -82.5149726,
    "minLat": -82.518796
  },
  "Turf5": {
    "maxLon": 40.7574861,
    "minLon": 40.7539396,
    "maxLat": -82.5112478,
    "minLat": -82.5180975
  },
  "Turf6": {
    "maxLon": 40.7582465,
    "minLon": 40.7542286,
    "maxLat": -82.5082751,
    "minLat": -82.511047
  },
  "Turf7": {
    "maxLon": 40.7556603,
    "minLon": 40.754147,
    "maxLat": -82.5040586,
    "minLat": -82.5082033
  },
  "Turf8": {
    "maxLon": 40.7580916,
    "minLon": 40.7558521,
    "maxLat": -82.5025367,
    "minLat": -82.5081187
  }
}